Ciudad,Latitud,Longitud,Enero,Febrero,Marzo,Abril,Mayo,Junio,Julio,Agosto,Septiembre,Octubre,Noviembre,Diciembre
Castellón,39.98583,-0.03583,1960,2690,3880,4850,5860,6380,6390,5650,4570,3300,2140,1680
Ceuta,35.88806,-5.31611,2530,3110,4480,5270,6550,7130,6850,6260,4960,3850,2470,2160
Ciudad Real,38.98583,-3.92722,2270,2990,4620,5270,6610,7220,7200,6390,5050,3570,2380,1900
Córdoba,37.88472,-4.77889,2440,3110,4590,5180,6620,7180,6970,6150,4920,3680,2430,2030
La Coruña,43.37083,-8.39583,1430,2060,3580,4080,4870,5620,5320,4960,3750,2600,1670,1110
Cuenca,40.07167,-2.13389,2170,2890,4470,5290,6550,7080,7140,6300,4990,3510,2290,1850
Gerona,41.98167,2.82361,1870,2540,3920,4870,5800,6590,6800,5820,4480,3090,1980,1630
Granada,37.17639,-3.59778,2600,3250,4730,5460,6750,7260,7180,6270,5050,3900,2560,2200
Guadalajara,40.63000,-3.16583,1990,2720,4420,5150,6520,7180,7270,6340,4930,3360,2150,1640
Huelva,37.25694,-6.94944,2510,3090,4590,5390,6840,7240,7270,6570,5240,3980,2550,2120
Huesca,42.14000,-0.40889,1720,2470,3840,4680,5620,6310,6340,5580,4580,3040,1970,1530
Jaén,37.76556,-3.78944,2470,3180,4720,5340,6620,7180,7040,6220,4980,3770,2500,2100
Las P. de Gran Canaria,28.12472,-15.43000,4050,4780,5800,6600,7160,7220,6990,6910,6250,5270,4170,3720
León,42.59972,-5.57167,1680,2410,3900,4610,5530,6260,6280,5630,4380,2920,1830,1320
Lérida,41.61389,0.62556,1820,2550,3890,4800,5730,6320,6380,5610,4520,3090,2020,1590
Logroño,42.46556,-2.44972,1650,2400,3860,4660,5770,6400,6410,5660,4470,2970,1840,1390
Lugo,43.01194,-7.55583,1560,2200,3680,4220,5040,5780,5600,5190,3990,2740,1750,1240
Madrid,40.41667,-3.70028,2000,2730,4480,5170,6580,7240,7320,6410,4970,3360,2150,1640
Málaga,36.71944,-4.42000,2490,3130,4400,5170,6460,7110,6880,6040,4840,3790,2430,2070
Melilla,35.29222,-2.93861,2610,3340,4530,4800,5810,6690,7190,7310,7140,6970,6320,5290,4170,3700
Santander,43.46083,-3.80778,1420,2060,3450,4170,5120,5550,5550,4900,3970,2630,1590,1220
Segovia,40.94917,-4.11917,1940,2720,4440,5220,6480,7240,7380,6470,4960,3370,2120,1560
Sevilla,37.38250,-5.99611,2440,3080,4570,5240,6750,7260,7040,6350,5070,3830,2480,2070
Soria,41.76333,-2.46472,1880,2670,4260,5130,6350,6960,7000,6100,4790,3260,2060,1560
Tarragona,41.11861,1.24528,1890,2580,3920,4860,5850,6430,6470,5700,4500,3180,2080,1650
Teruel,40.34389,-1.10667,2140,2870,4380,5320,6470,6980,6990,6130,4860,3440,2260,1820
Toledo,39.85667,-4.02444,2100,2780,4550,5170,6550,7240,7290,6380,4950,3400,2190,1710
Valencia,39.47000,-0.37667,2020,2780,3890,4880,5910,6420,6390,5700,4630,3400,2190,1740
Valladolid,41.65278,-4.72833,1750,2600,4170,4970,6120,6890,6990,6140,4710,3190,1940,1360
Vitoria,42.84667,-2.67139,1590,2320,3750,4550,5630,6290,6310,5560,4410,2930,1770,1320
Zamora,41.50361,-5.74361,1810,2620,4220,4860,6060,6930,7010,6320,4760,3170,1940,1380
Zaragoza,41.65667,-0.87972,1780,2500,3890,4750,5760,6390,6400,5580,4530,3070,1980,1520